{
  "unigram_top1": 0.03782923811207354,
  "bigram_top1": 0.12692239703022803,
  "modal_token": 46,
  "n_positions": 5657
}